{
    "J0030+0451_dm_gp_gamma": 3.7843115317349,
    "J0030+0451_dm_gp_log10_A": -15.87004546346576,
    "J0030+0451_dm_s1yr_log10_Amp": -7.270787994633564,
    "J0030+0451_dm_s1yr_phase": 3.1959478924678684,
    "J0030+0451_flag_log10_equad": -6.214119588659138,
    "J0030+0451_gamma": 3.762627626149394,
    "J0030+0451_log10_A": -15.951402824659949
}