{
    "J0034-0534_dm_gp_gamma": 3.657135277796392,
    "J0034-0534_dm_gp_log10_A": -15.674120180476011,
    "J0034-0534_dm_s1yr_log10_Amp": -7.459885128918693,
    "J0034-0534_dm_s1yr_phase": 3.0391044841740085,
    "J0034-0534_flag_log10_equad": -6.217981675563693,
    "J0034-0534_gamma": 3.5816282905321026,
    "J0034-0534_log10_A": -15.792537446119466
}