{
    "J0218+4232_dm_gp_gamma": 3.097316869162003,
    "J0218+4232_dm_gp_log10_A": -15.898408745237452,
    "J0218+4232_dm_s1yr_log10_Amp": -7.502987774904285,
    "J0218+4232_dm_s1yr_phase": 3.0893834189326514,
    "J0218+4232_flag_log10_equad": -6.225499277561371,
    "J0218+4232_gamma": 2.9448183004785347,
    "J0218+4232_log10_A": -15.612628536538743
}