{
    "J0437-4715_dm_gp_gamma": 3.0804267613698753,
    "J0437-4715_dm_gp_log10_A": -16.220644729722927,
    "J0437-4715_dm_s1yr_log10_Amp": -7.284264410759074,
    "J0437-4715_dm_s1yr_phase": 3.1820617107515217,
    "J0437-4715_flag_log10_equad": -6.229134484455595,
    "J0437-4715_gamma": 3.0892488923057844,
    "J0437-4715_log10_A": -16.231462928833416
}