{
    "J0613-0200_dm_gp_gamma": 4.1151774233716925,
    "J0613-0200_dm_gp_log10_A": -16.054347674320063,
    "J0613-0200_dm_s1yr_log10_Amp": -7.005282524897602,
    "J0613-0200_dm_s1yr_phase": 3.348937100016292,
    "J0613-0200_flag_log10_equad": -6.220007579840469,
    "J0613-0200_gamma": 4.079192641754937,
    "J0613-0200_log10_A": -16.113283640051318
}