{
    "J0621+1002_dm_gp_gamma": 3.6579251477374464,
    "J0621+1002_dm_gp_log10_A": -16.149449991361994,
    "J0621+1002_dm_s1yr_log10_Amp": -7.488438805601086,
    "J0621+1002_dm_s1yr_phase": 3.1819289884138873,
    "J0621+1002_flag_log10_equad": -6.223292489088293,
    "J0621+1002_gamma": 3.7479748103470336,
    "J0621+1002_log10_A": -16.209355439348073
}