{
    "J0711-6830_dm_gp_gamma": 3.322495355785281,
    "J0711-6830_dm_gp_log10_A": -16.702123131824198,
    "J0711-6830_dm_s1yr_log10_Amp": -7.254174546053905,
    "J0711-6830_dm_s1yr_phase": 2.859297417341012,
    "J0711-6830_flag_log10_equad": -6.235924668422038,
    "J0711-6830_gamma": 3.310239880349934,
    "J0711-6830_log10_A": -16.70863038716098
}