{
    "J0751+1807_dm_gp_gamma": 4.000062516673071,
    "J0751+1807_dm_gp_log10_A": -15.943461604749421,
    "J0751+1807_dm_s1yr_log10_Amp": -7.252320339660661,
    "J0751+1807_dm_s1yr_phase": 3.2765038247297116,
    "J0751+1807_flag_log10_equad": -6.232682591374445,
    "J0751+1807_gamma": 4.056558914251039,
    "J0751+1807_log10_A": -15.961411131295014
}