{
    "J0900-3144_dm_gp_gamma": 3.7203118979913055,
    "J0900-3144_dm_gp_log10_A": -15.784691870310217,
    "J0900-3144_dm_s1yr_log10_Amp": -7.232698301902694,
    "J0900-3144_dm_s1yr_phase": 3.0612291781871437,
    "J0900-3144_flag_log10_equad": -6.23008032447161,
    "J0900-3144_gamma": 3.6664930711007333,
    "J0900-3144_log10_A": -15.926549405733693
}