{
    "J1012+5307_dm_gp_gamma": 3.100071398412603,
    "J1012+5307_dm_gp_log10_A": -16.085777773149157,
    "J1012+5307_dm_s1yr_log10_Amp": -7.223668129130671,
    "J1012+5307_dm_s1yr_phase": 3.3269012039891774,
    "J1012+5307_flag_log10_equad": -6.236093882564323,
    "J1012+5307_gamma": 3.0595972046035835,
    "J1012+5307_log10_A": -16.064617770397067
}