{
    "J1024-0719_dm_gp_gamma": 3.4222416476265645,
    "J1024-0719_dm_gp_log10_A": -16.21765099971699,
    "J1024-0719_dm_s1yr_log10_Amp": -6.353181837058855,
    "J1024-0719_dm_s1yr_phase": 3.765215730253262,
    "J1024-0719_flag_log10_equad": -6.233075814825597,
    "J1024-0719_gamma": 3.3793815149265005,
    "J1024-0719_log10_A": -16.20936367115559
}