{
    "J1022+1001_dm_gp_gamma": 3.9032819791990554,
    "J1022+1001_dm_gp_log10_A": -15.906812932987455,
    "J1022+1001_dm_s1yr_log10_Amp": -7.257089001947504,
    "J1022+1001_dm_s1yr_phase": 3.1087416515314397,
    "J1022+1001_flag_log10_equad": -6.236256376953762,
    "J1022+1001_gamma": 3.860673072368873,
    "J1022+1001_log10_A": -15.942178162824641
}