{
    "J1045-4509_dm_gp_gamma": 3.4163048410575745,
    "J1045-4509_dm_gp_log10_A": -16.407997044282265,
    "J1045-4509_dm_s1yr_log10_Amp": -7.424226103629693,
    "J1045-4509_dm_s1yr_phase": 3.2551801706157972,
    "J1045-4509_flag_log10_equad": -6.242119851826597,
    "J1045-4509_gamma": 3.3298052411046766,
    "J1045-4509_log10_A": -16.36731945564179
}