{
    "J1455-3330_dm_gp_gamma": 2.974819003089239,
    "J1455-3330_dm_gp_log10_A": -16.54662896013994,
    "J1455-3330_dm_s1yr_log10_Amp": -7.364636899413352,
    "J1455-3330_dm_s1yr_phase": 3.226658900468785,
    "J1455-3330_flag_log10_equad": -6.232586262695665,
    "J1455-3330_gamma": 2.969796280786439,
    "J1455-3330_log10_A": -16.543803896415213
}