{
    "J1600-3053_dm_gp_gamma": 2.9974409071414345,
    "J1600-3053_dm_gp_log10_A": -17.068680707135336,
    "J1600-3053_dm_s1yr_log10_Amp": -7.4317379551403,
    "J1600-3053_dm_s1yr_phase": 3.1875695378053117,
    "J1600-3053_flag_log10_equad": -6.22859115275171,
    "J1600-3053_gamma": 3.0320580015454515,
    "J1600-3053_log10_A": -17.06886147562834
}