{
    "J1603-7202_dm_gp_gamma": 3.6257627033224207,
    "J1603-7202_dm_gp_log10_A": -15.58740431264952,
    "J1603-7202_dm_s1yr_log10_Amp": -7.354308439758221,
    "J1603-7202_dm_s1yr_phase": 2.988208700882417,
    "J1603-7202_flag_log10_equad": -6.241351034064063,
    "J1603-7202_gamma": 3.5661414344763243,
    "J1603-7202_log10_A": -15.590939422398577
}