{
    "J1614-2230_dm_gp_gamma": 2.9181988576048647,
    "J1614-2230_dm_gp_log10_A": -15.792646460412172,
    "J1614-2230_dm_s1yr_log10_Amp": -7.432754266981911,
    "J1614-2230_dm_s1yr_phase": 3.241027706567277,
    "J1614-2230_flag_log10_equad": -6.243098645843542,
    "J1614-2230_gamma": 2.9201504704253827,
    "J1614-2230_log10_A": -15.831656724020029
}