{
    "J1640+2224_dm_gp_gamma": 3.9415680460511253,
    "J1640+2224_dm_gp_log10_A": -15.972312789404889,
    "J1640+2224_dm_s1yr_log10_Amp": -7.32809969049896,
    "J1640+2224_dm_s1yr_phase": 3.1546878197533053,
    "J1640+2224_flag_log10_equad": -6.222507425664244,
    "J1640+2224_gamma": 3.910320519573491,
    "J1640+2224_log10_A": -15.975123220562793
}