{
    "J1643-1224_dm_gp_gamma": 2.7935969844873076,
    "J1643-1224_dm_gp_log10_A": -15.869670373432776,
    "J1643-1224_dm_s1yr_log10_Amp": -7.3564530166334166,
    "J1643-1224_dm_s1yr_phase": 3.137723237873627,
    "J1643-1224_flag_log10_equad": -6.234296353734133,
    "J1643-1224_gamma": 2.871744576769902,
    "J1643-1224_log10_A": -15.913023062500296
}