{
    "J1713+0747_dm_gp_gamma": 3.7209951508710537,
    "J1713+0747_dm_gp_log10_A": -16.177161134149326,
    "J1713+0747_dm_s1yr_log10_Amp": -7.320042699891192,
    "J1713+0747_dm_s1yr_phase": 3.18622233846616,
    "J1713+0747_dmexp1_log10_Amp": -7.6829161385276095,
    "J1713+0747_dmexp1_log10_tau": 2.2101188127296107,
    "J1713+0747_dmexp1_t0": 55671.10646415095,
    "J1713+0747_flag_log10_equad": -6.222944348482963,
    "J1713+0747_gamma": 3.801920286357173,
    "J1713+0747_log10_A": -16.08275076175918
}