{
    "J1730-2304_dm_gp_gamma": 3.736966934527764,
    "J1730-2304_dm_gp_log10_A": -16.000120286833525,
    "J1730-2304_dm_s1yr_log10_Amp": -7.514709370611419,
    "J1730-2304_dm_s1yr_phase": 3.0772586976857346,
    "J1730-2304_flag_log10_equad": -6.223028494901352,
    "J1730-2304_gamma": 3.7572946004530157,
    "J1730-2304_log10_A": -15.947552385409507
}