{
    "J1744-1134_dm_gp_gamma": 3.4792103599071154,
    "J1744-1134_dm_gp_log10_A": -16.64609868764831,
    "J1744-1134_dm_s1yr_log10_Amp": -5.296541575646042,
    "J1744-1134_dm_s1yr_phase": 3.9185215189892877,
    "J1744-1134_flag_log10_equad": -6.22020738519159,
    "J1744-1134_gamma": 3.5164563336724197,
    "J1744-1134_log10_A": -16.623066700123303
}