{
    "J1857+0943_dm_gp_gamma": 2.6256582554055807,
    "J1857+0943_dm_gp_log10_A": -15.255693806654527,
    "J1857+0943_dm_s1yr_log10_Amp": -7.207910078222142,
    "J1857+0943_dm_s1yr_phase": 3.074579311713227,
    "J1857+0943_flag_log10_equad": -6.223955442536625,
    "J1857+0943_gamma": 2.6433828982445435,
    "J1857+0943_log10_A": -15.384457026791477
}