{
    "J1909-3744_dm_gp_gamma": 3.6684325131563513,
    "J1909-3744_dm_gp_log10_A": -15.720764320232641,
    "J1909-3744_dm_s1yr_log10_Amp": -7.047975368354543,
    "J1909-3744_dm_s1yr_phase": 3.1377296623603317,
    "J1909-3744_flag_log10_equad": -6.219449275878382,
    "J1909-3744_gamma": 3.6392718930183303,
    "J1909-3744_log10_A": -15.756408961812973
}