{
    "J1918-0642_dm_gp_gamma": 3.645565617525099,
    "J1918-0642_dm_gp_log10_A": -15.916416292636171,
    "J1918-0642_dm_s1yr_log10_Amp": -6.807339989859688,
    "J1918-0642_dm_s1yr_phase": 3.164355785146874,
    "J1918-0642_flag_log10_equad": -6.218673235802439,
    "J1918-0642_gamma": 3.606188065761486,
    "J1918-0642_log10_A": -15.911295631681886
}