{
    "J1939+2134_dm_gp_gamma": 3.5505184300943413,
    "J1939+2134_dm_gp_log10_A": -15.654401328612243,
    "J1939+2134_dm_s1yr_log10_Amp": -7.071744404103837,
    "J1939+2134_dm_s1yr_phase": 2.8814743051880622,
    "J1939+2134_flag_log10_equad": -6.21284233560822,
    "J1939+2134_gamma": 3.576512139690468,
    "J1939+2134_log10_A": -15.7063665097527
}