{
    "J1944+0907_dm_gp_gamma": 2.682668083023347,
    "J1944+0907_dm_gp_log10_A": -16.42075413533019,
    "J1944+0907_dm_s1yr_log10_Amp": -7.212401983849213,
    "J1944+0907_dm_s1yr_phase": 2.940406753731734,
    "J1944+0907_flag_log10_equad": -6.210940640719362,
    "J1944+0907_gamma": 2.5881777537786017,
    "J1944+0907_log10_A": -16.352440898056305
}