{
    "J2010-1323_dm_gp_gamma": 3.7819670936062093,
    "J2010-1323_dm_gp_log10_A": -15.775033991039404,
    "J2010-1323_dm_s1yr_log10_Amp": -7.121104955081816,
    "J2010-1323_dm_s1yr_phase": 2.833980977001898,
    "J2010-1323_flag_log10_equad": -6.2074921508764795,
    "J2010-1323_gamma": 3.742694880598259,
    "J2010-1323_log10_A": -15.851883986041084
}