{
    "J2124-3358_dm_gp_gamma": 3.8646714628673147,
    "J2124-3358_dm_gp_log10_A": -15.789281183167946,
    "J2124-3358_dm_s1yr_log10_Amp": -7.1376836335169225,
    "J2124-3358_dm_s1yr_phase": 2.968273247473158,
    "J2124-3358_flag_log10_equad": -6.211293003121798,
    "J2124-3358_gamma": 3.8316513254539633,
    "J2124-3358_log10_A": -15.78417534591566
}