{
    "J2129-5721_dm_gp_gamma": 3.271735464082994,
    "J2129-5721_dm_gp_log10_A": -15.826942444580405,
    "J2129-5721_dm_s1yr_log10_Amp": -7.3214695905012155,
    "J2129-5721_dm_s1yr_phase": 2.979961516658483,
    "J2129-5721_flag_log10_equad": -6.222682872786208,
    "J2129-5721_gamma": 3.2741904967704185,
    "J2129-5721_log10_A": -15.951322522371894
}