{
    "J2145-0750_dm_gp_gamma": 3.165874519131667,
    "J2145-0750_dm_gp_log10_A": -16.670530334524116,
    "J2145-0750_dm_s1yr_log10_Amp": -7.382125562746582,
    "J2145-0750_dm_s1yr_phase": 3.1276746580933206,
    "J2145-0750_flag_log10_equad": -6.201020017727723,
    "J2145-0750_gamma": 3.181744769144091,
    "J2145-0750_log10_A": -16.695121954187908
}