{
    "J2229+2643_dm_gp_gamma": 3.957006564558393,
    "J2229+2643_dm_gp_log10_A": -16.050209489627854,
    "J2229+2643_dm_s1yr_log10_Amp": -7.317874857939748,
    "J2229+2643_dm_s1yr_phase": 2.9403647472967567,
    "J2229+2643_flag_log10_equad": -6.209410199993787,
    "J2229+2643_gamma": 3.8876952591848895,
    "J2229+2643_log10_A": -15.988000984935157
}