{
    "J2317+1439_dm_gp_gamma": 3.4109246946842595,
    "J2317+1439_dm_gp_log10_A": -15.72474304096191,
    "J2317+1439_dm_s1yr_log10_Amp": -7.389414054456071,
    "J2317+1439_dm_s1yr_phase": 3.1119494395028697,
    "J2317+1439_flag_log10_equad": -6.211322432874398,
    "J2317+1439_gamma": 3.4799556129488862,
    "J2317+1439_log10_A": -15.848750276927769
}