{
    "J0030+0451_dm_gp_gamma": 3.13861176950056,
    "J0030+0451_dm_gp_log10_A": -17.35616116769535,
    "J0030+0451_dm_s1yr_log10_Amp": -7.503154414173528,
    "J0030+0451_dm_s1yr_phase": 3.146097791276035,
    "J0030+0451_flag_log10_equad": -6.293955924708761,
    "J0030+0451_gamma": 3.1270300596486584,
    "J0030+0451_log10_A": -17.36640342395842
}