{
    "J0034-0534_dm_gp_gamma": 3.649530943730453,
    "J0034-0534_dm_gp_log10_A": -16.762940997162808,
    "J0034-0534_dm_s1yr_log10_Amp": -7.3202906450606555,
    "J0034-0534_dm_s1yr_phase": 3.1489664912063398,
    "J0034-0534_flag_log10_equad": -6.301899833854882,
    "J0034-0534_gamma": 3.6986295005740613,
    "J0034-0534_log10_A": -16.782135031861838
}