{
    "J0218+4232_dm_gp_gamma": 3.911007092178556,
    "J0218+4232_dm_gp_log10_A": -16.54495310606784,
    "J0218+4232_dm_s1yr_log10_Amp": -7.308488545941966,
    "J0218+4232_dm_s1yr_phase": 3.279108038066272,
    "J0218+4232_flag_log10_equad": -6.312048085113087,
    "J0218+4232_gamma": 3.954740213423558,
    "J0218+4232_log10_A": -16.501555894252654
}