{
    "J0437-4715_dm_gp_gamma": 3.198320118797228,
    "J0437-4715_dm_gp_log10_A": -17.24328170528403,
    "J0437-4715_dm_s1yr_log10_Amp": -5.190789631980296,
    "J0437-4715_dm_s1yr_phase": 3.3628451125093024,
    "J0437-4715_flag_log10_equad": -6.317810623784761,
    "J0437-4715_gamma": 3.234219360458208,
    "J0437-4715_log10_A": -17.23814247758301
}