{
    "J0613-0200_dm_gp_gamma": 3.133475133595505,
    "J0613-0200_dm_gp_log10_A": -17.305236264287128,
    "J0613-0200_dm_s1yr_log10_Amp": -7.462060817327755,
    "J0613-0200_dm_s1yr_phase": 3.160976626588717,
    "J0613-0200_flag_log10_equad": -6.308143489084781,
    "J0613-0200_gamma": 3.1595837076873705,
    "J0613-0200_log10_A": -17.341098681897297
}