{
    "J0621+1002_dm_gp_gamma": 3.152863000814611,
    "J0621+1002_dm_gp_log10_A": -17.248616085374618,
    "J0621+1002_dm_s1yr_log10_Amp": -7.248439580664089,
    "J0621+1002_dm_s1yr_phase": 3.4888387367223714,
    "J0621+1002_flag_log10_equad": -6.30091542642626,
    "J0621+1002_gamma": 3.1779721274851322,
    "J0621+1002_log10_A": -17.29031383618935
}