{
    "J0711-6830_dm_gp_gamma": 3.264491321429221,
    "J0711-6830_dm_gp_log10_A": -17.21461595862265,
    "J0711-6830_dm_s1yr_log10_Amp": -7.173743200665071,
    "J0711-6830_dm_s1yr_phase": 3.4032246231476706,
    "J0711-6830_flag_log10_equad": -6.3194501959870735,
    "J0711-6830_gamma": 3.2456747922252287,
    "J0711-6830_log10_A": -17.20836206372951
}