{
    "J0751+1807_dm_gp_gamma": 3.334350001635277,
    "J0751+1807_dm_gp_log10_A": -17.132986541100937,
    "J0751+1807_dm_s1yr_log10_Amp": -7.03214105474052,
    "J0751+1807_dm_s1yr_phase": 3.488516510168899,
    "J0751+1807_flag_log10_equad": -6.298360610526739,
    "J0751+1807_gamma": 3.3826110575602155,
    "J0751+1807_log10_A": -17.11111359315433
}