{
    "J0900-3144_dm_gp_gamma": 3.21236258861488,
    "J0900-3144_dm_gp_log10_A": -17.30762455829584,
    "J0900-3144_dm_s1yr_log10_Amp": -4.953963714452677,
    "J0900-3144_dm_s1yr_phase": 4.053513301566376,
    "J0900-3144_flag_log10_equad": -6.313705094526188,
    "J0900-3144_gamma": 3.1997041185241644,
    "J0900-3144_log10_A": -17.307232928376315
}