{
    "J1012+5307_dm_gp_gamma": 3.8947755263067503,
    "J1012+5307_dm_gp_log10_A": -16.568010977475655,
    "J1012+5307_dm_s1yr_log10_Amp": -5.735788669149965,
    "J1012+5307_dm_s1yr_phase": 3.572978312414803,
    "J1012+5307_flag_log10_equad": -6.307414981018081,
    "J1012+5307_gamma": 3.908318101843497,
    "J1012+5307_log10_A": -16.587953120826988
}