{
    "J1024-0719_dm_gp_gamma": 3.08547656667373,
    "J1024-0719_dm_gp_log10_A": -17.367331286382758,
    "J1024-0719_dm_s1yr_log10_Amp": -6.942095814892062,
    "J1024-0719_dm_s1yr_phase": 3.2413312534182714,
    "J1024-0719_flag_log10_equad": -6.297818089028,
    "J1024-0719_gamma": 3.1420682321938402,
    "J1024-0719_log10_A": -17.44161598931904
}