{
    "J1022+1001_dm_gp_gamma": 3.1250973188980704,
    "J1022+1001_dm_gp_log10_A": -17.307314558407544,
    "J1022+1001_dm_s1yr_log10_Amp": -7.228074008837673,
    "J1022+1001_dm_s1yr_phase": 3.4896475227738173,
    "J1022+1001_flag_log10_equad": -6.2996977579814875,
    "J1022+1001_gamma": 3.10279748014937,
    "J1022+1001_log10_A": -17.307553578290005
}