{
    "J1045-4509_dm_gp_gamma": 3.4325453279888767,
    "J1045-4509_dm_gp_log10_A": -16.917593275177797,
    "J1045-4509_dm_s1yr_log10_Amp": -5.441239572536604,
    "J1045-4509_dm_s1yr_phase": 3.8804820631219235,
    "J1045-4509_flag_log10_equad": -6.314686108336385,
    "J1045-4509_gamma": 3.456833846582836,
    "J1045-4509_log10_A": -16.88392505049455
}