{
    "J1455-3330_dm_gp_gamma": 3.146235294767154,
    "J1455-3330_dm_gp_log10_A": -17.344696603054878,
    "J1455-3330_dm_s1yr_log10_Amp": -5.027875139822437,
    "J1455-3330_dm_s1yr_phase": 3.8183495888023966,
    "J1455-3330_flag_log10_equad": -6.317845400941338,
    "J1455-3330_gamma": 3.1201141552250533,
    "J1455-3330_log10_A": -17.309292263995665
}