{
    "J1600-3053_dm_gp_gamma": 3.5081815803976393,
    "J1600-3053_dm_gp_log10_A": -16.80445406099571,
    "J1600-3053_dm_s1yr_log10_Amp": -6.361137509183114,
    "J1600-3053_dm_s1yr_phase": 3.1549883294043424,
    "J1600-3053_flag_log10_equad": -6.311713068667732,
    "J1600-3053_gamma": 3.4937734237293068,
    "J1600-3053_log10_A": -16.855240833363613
}