{
    "J1603-7202_dm_gp_gamma": 4.35518119246651,
    "J1603-7202_dm_gp_log10_A": -16.138902142328035,
    "J1603-7202_dm_s1yr_log10_Amp": -6.151641365962599,
    "J1603-7202_dm_s1yr_phase": 3.6236467635412417,
    "J1603-7202_flag_log10_equad": -6.330493033897008,
    "J1603-7202_gamma": 4.234675757384775,
    "J1603-7202_log10_A": -16.267770333116747
}