{
    "J1614-2230_dm_gp_gamma": 3.2447901860408725,
    "J1614-2230_dm_gp_log10_A": -17.139063754705866,
    "J1614-2230_dm_s1yr_log10_Amp": -6.874027003975258,
    "J1614-2230_dm_s1yr_phase": 3.355022080086802,
    "J1614-2230_flag_log10_equad": -6.306077069700822,
    "J1614-2230_gamma": 3.248237278274231,
    "J1614-2230_log10_A": -17.151001932338275
}