{
    "J1643-1224_dm_gp_gamma": 3.549800897046157,
    "J1643-1224_dm_gp_log10_A": -16.839539969896926,
    "J1643-1224_dm_s1yr_log10_Amp": -6.173996944357345,
    "J1643-1224_dm_s1yr_phase": 3.019159232411307,
    "J1643-1224_flag_log10_equad": -6.305447292874378,
    "J1643-1224_gamma": 3.4958894670389657,
    "J1643-1224_log10_A": -16.85271988178266
}