{
    "J1640+2224_dm_gp_gamma": 3.085092559575147,
    "J1640+2224_dm_gp_log10_A": -17.341502897028967,
    "J1640+2224_dm_s1yr_log10_Amp": -6.126311140458131,
    "J1640+2224_dm_s1yr_phase": 3.526363458312074,
    "J1640+2224_flag_log10_equad": -6.314104226030301,
    "J1640+2224_gamma": 3.1006714027336306,
    "J1640+2224_log10_A": -17.384899027678152
}