{
    "J1713+0747_dm_gp_gamma": 3.5992810865506217,
    "J1713+0747_dm_gp_log10_A": -16.673075255386188,
    "J1713+0747_dm_s1yr_log10_Amp": -6.655491067775593,
    "J1713+0747_dm_s1yr_phase": 3.05690607850071,
    "J1713+0747_dmexp1_log10_Amp": -7.544512486588277,
    "J1713+0747_dmexp1_log10_tau": 2.290955549430833,
    "J1713+0747_dmexp1_t0": 55815.992589600704,
    "J1713+0747_flag_log10_equad": -6.3109399556838595,
    "J1713+0747_gamma": 3.588564358337291,
    "J1713+0747_log10_A": -16.7378743802077
}