{
    "J1730-2304_dm_gp_gamma": 3.1332245361383966,
    "J1730-2304_dm_gp_log10_A": -17.306896539326406,
    "J1730-2304_dm_s1yr_log10_Amp": -6.681543965464851,
    "J1730-2304_dm_s1yr_phase": 3.173405295855495,
    "J1730-2304_flag_log10_equad": -6.313354083819113,
    "J1730-2304_gamma": 3.136923341615237,
    "J1730-2304_log10_A": -17.322500319268052
}