{
    "J1744-1134_dm_gp_gamma": 3.0966214208948735,
    "J1744-1134_dm_gp_log10_A": -17.32134847849561,
    "J1744-1134_dm_s1yr_log10_Amp": -6.69373380557558,
    "J1744-1134_dm_s1yr_phase": 3.1898554844135676,
    "J1744-1134_flag_log10_equad": -6.311244455412356,
    "J1744-1134_gamma": 3.135694732957569,
    "J1744-1134_log10_A": -17.356530575717965
}