{
    "J1857+0943_dm_gp_gamma": 3.096511674759467,
    "J1857+0943_dm_gp_log10_A": -17.27635692526652,
    "J1857+0943_dm_s1yr_log10_Amp": -7.486054529276961,
    "J1857+0943_dm_s1yr_phase": 3.1902478889602985,
    "J1857+0943_flag_log10_equad": -6.314683003283947,
    "J1857+0943_gamma": 3.1160125554439695,
    "J1857+0943_log10_A": -17.281603228538238
}