{
    "J1909-3744_dm_gp_gamma": 3.646491724091802,
    "J1909-3744_dm_gp_log10_A": -16.53994987702837,
    "J1909-3744_dm_s1yr_log10_Amp": -7.2900519958710985,
    "J1909-3744_dm_s1yr_phase": 2.9485674856346438,
    "J1909-3744_flag_log10_equad": -6.31179843655894,
    "J1909-3744_gamma": 3.67877686800879,
    "J1909-3744_log10_A": -16.57233229787925
}