{
    "J1918-0642_dm_gp_gamma": 3.2052500081589153,
    "J1918-0642_dm_gp_log10_A": -17.135301791588645,
    "J1918-0642_dm_s1yr_log10_Amp": -7.3327905975768,
    "J1918-0642_dm_s1yr_phase": 3.1948607421985544,
    "J1918-0642_flag_log10_equad": -6.30337457156045,
    "J1918-0642_gamma": 3.176564778991367,
    "J1918-0642_log10_A": -17.150127063365805
}