{
    "J1939+2134_dm_gp_gamma": 3.8028237265803257,
    "J1939+2134_dm_gp_log10_A": -16.47800019213115,
    "J1939+2134_dm_s1yr_log10_Amp": -6.438224785735012,
    "J1939+2134_dm_s1yr_phase": 3.36858205024444,
    "J1939+2134_flag_log10_equad": -6.309156986600489,
    "J1939+2134_gamma": 3.759752520799056,
    "J1939+2134_log10_A": -16.475947766051693
}