{
    "J1944+0907_dm_gp_gamma": 3.1969339317636876,
    "J1944+0907_dm_gp_log10_A": -17.1641614284043,
    "J1944+0907_dm_s1yr_log10_Amp": -7.27638445346035,
    "J1944+0907_dm_s1yr_phase": 3.2358381401958596,
    "J1944+0907_flag_log10_equad": -6.303361292697242,
    "J1944+0907_gamma": 3.1324755019311765,
    "J1944+0907_log10_A": -17.241686101610078
}