{
    "J2010-1323_dm_gp_gamma": 3.0926072781583094,
    "J2010-1323_dm_gp_log10_A": -17.31546642906535,
    "J2010-1323_dm_s1yr_log10_Amp": -7.4357022439822735,
    "J2010-1323_dm_s1yr_phase": 3.2284309449040856,
    "J2010-1323_flag_log10_equad": -6.3017641559729505,
    "J2010-1323_gamma": 3.090534299825723,
    "J2010-1323_log10_A": -17.32613594526319
}