{
    "J2124-3358_dm_gp_gamma": 3.156243444753973,
    "J2124-3358_dm_gp_log10_A": -17.279997059569258,
    "J2124-3358_dm_s1yr_log10_Amp": -7.235249402067391,
    "J2124-3358_dm_s1yr_phase": 3.2663899993798493,
    "J2124-3358_flag_log10_equad": -6.305214981613399,
    "J2124-3358_gamma": 3.1642873456586877,
    "J2124-3358_log10_A": -17.298186305788324
}