{
    "J2129-5721_dm_gp_gamma": 4.344699732042033,
    "J2129-5721_dm_gp_log10_A": -16.245240730178182,
    "J2129-5721_dm_s1yr_log10_Amp": -6.804385752722564,
    "J2129-5721_dm_s1yr_phase": 3.3068747228098783,
    "J2129-5721_flag_log10_equad": -6.316781562692869,
    "J2129-5721_gamma": 4.233077973320213,
    "J2129-5721_log10_A": -16.283614076449904
}