{
    "J2145-0750_dm_gp_gamma": 3.434270891979717,
    "J2145-0750_dm_gp_log10_A": -16.82189575590795,
    "J2145-0750_dm_s1yr_log10_Amp": -7.311793577458516,
    "J2145-0750_dm_s1yr_phase": 3.263244865880811,
    "J2145-0750_flag_log10_equad": -6.29169228174526,
    "J2145-0750_gamma": 3.4287897450562346,
    "J2145-0750_log10_A": -16.81051900644672
}