{
    "J2229+2643_dm_gp_gamma": 3.7426665199974107,
    "J2229+2643_dm_gp_log10_A": -16.47806365807362,
    "J2229+2643_dm_s1yr_log10_Amp": -6.855510679010362,
    "J2229+2643_dm_s1yr_phase": 3.328738758299778,
    "J2229+2643_flag_log10_equad": -6.2954253991110765,
    "J2229+2643_gamma": 3.721498092417194,
    "J2229+2643_log10_A": -16.509101105743337
}