{
    "J2317+1439_dm_gp_gamma": 3.102076526360259,
    "J2317+1439_dm_gp_log10_A": -17.252080381982335,
    "J2317+1439_dm_s1yr_log10_Amp": -7.1620465126005595,
    "J2317+1439_dm_s1yr_phase": 3.1813061314340385,
    "J2317+1439_flag_log10_equad": -6.2972248819587024,
    "J2317+1439_gamma": 3.1161901196621415,
    "J2317+1439_log10_A": -17.28710115876998
}